AdjEM_AdjTempo_ratio,AdjEM,SEED,Seed_AdjEM_interaction,AvgHeight,TOPct,FG2Pct_diff,Year,Actual,Predicted,Correct,AdjEM_AdjTempo_ratio_importance,AdjEM_importance,SEED_importance,Seed_AdjEM_interaction_importance,AvgHeight_importance,TOPct_importance,FG2Pct_diff_importance
0.23044589339094265,16.0197,10.0,160.197,78.36,17.1678154,-2.0844552100000016,2019,1,0,False,0.23362383393982927,0.2281152530227358,0.11871340861195084,0.1318679005854025,0.09362104375495568,0.09668308829214456,0.09737547179298132
0.09053461250483581,5.88121,14.0,82.33694,77.15,18.13263476,3.347748960000004,2023,0,0,True,0.23362383393982927,0.2281152530227358,0.11871340861195084,0.1318679005854025,0.09362104375495568,0.09668308829214456,0.09737547179298132
0.2263792383804378,14.3797,11.0,158.17669999999998,78.19,18.85,5.403399999999998,2009,0,0,True,0.23362383393982927,0.2281152530227358,0.11871340861195084,0.1318679005854025,0.09362104375495568,0.09668308829214456,0.09737547179298132
0.2866272590226567,18.2583,10.0,182.58299999999997,78.64,21.0648,7.2744,2009,1,1,True,0.23362383393982927,0.2281152530227358,0.11871340861195084,0.1318679005854025,0.09362104375495568,0.09668308829214456,0.09737547179298132
0.28549835496516734,18.5675,10.0,185.67499999999998,78.57,18.1285,-0.9500000000000028,2016,1,1,True,0.23362383393982927,0.2281152530227358,0.11871340861195084,0.1318679005854025,0.09362104375495568,0.09668308829214456,0.09737547179298132
0.048956530059083944,3.1913,14.0,44.678200000000004,77.31,23.09839764,4.334316440000002,2021,0,0,True,0.23362383393982927,0.2281152530227358,0.11871340861195084,0.1318679005854025,0.09362104375495568,0.09668308829214456,0.09737547179298132
0.2609631041833504,17.0661,8.0,136.5288,77.27,19.3467515,3.1459709700000005,2022,0,1,False,0.23362383393982927,0.2281152530227358,0.11871340861195084,0.1318679005854025,0.09362104375495568,0.09668308829214456,0.09737547179298132
0.20706695733372285,13.4543,12.0,161.45159999999998,77.2,17.4741,-0.9219000000000008,2012,1,0,False,0.23362383393982927,0.2281152530227358,0.11871340861195084,0.1318679005854025,0.09362104375495568,0.09668308829214456,0.09737547179298132
0.38838724801802393,27.1673,4.0,108.6692,77.62,16.95341537,3.3577899,2017,1,1,True,0.23362383393982927,0.2281152530227358,0.11871340861195084,0.1318679005854025,0.09362104375495568,0.09668308829214456,0.09737547179298132
0.35858341394796467,23.0179,5.0,115.0895,77.98,13.72702356,2.595579860000001,2021,1,1,True,0.23362383393982927,0.2281152530227358,0.11871340861195084,0.1318679005854025,0.09362104375495568,0.09668308829214456,0.09737547179298132
0.3560951954367053,22.4502,5.0,112.25099999999999,76.08,18.7831,4.721599999999995,2010,1,1,True,0.23362383393982927,0.2281152530227358,0.11871340861195084,0.1318679005854025,0.09362104375495568,0.09668308829214456,0.09737547179298132
0.23554106179158119,14.8177,11.0,162.9947,80.09,19.16730332,1.4967416399999962,2018,1,0,False,0.23362383393982927,0.2281152530227358,0.11871340861195084,0.1318679005854025,0.09362104375495568,0.09668308829214456,0.09737547179298132
0.2591280017566814,17.4758,10.0,174.75799999999998,77.92,16.75266979,5.000791120000002,2021,1,1,True,0.23362383393982927,0.2281152530227358,0.11871340861195084,0.1318679005854025,0.09362104375495568,0.09668308829214456,0.09737547179298132
0.2411729055829867,15.8146,8.0,126.5168,77.84,15.99582354,4.8070624499999965,2017,1,1,True,0.23362383393982927,0.2281152530227358,0.11871340861195084,0.1318679005854025,0.09362104375495568,0.09668308829214456,0.09737547179298132
0.29833812143527005,21.2389,2.0,42.4778,76.77,18.7335,4.863100000000003,2010,1,1,True,0.23362383393982927,0.2281152530227358,0.11871340861195084,0.1318679005854025,0.09362104375495568,0.09668308829214456,0.09737547179298132
0.2524884954187383,16.7235,7.0,117.06450000000001,75.23,18.5474,7.559000000000005,2010,0,0,True,0.23362383393982927,0.2281152530227358,0.11871340861195084,0.1318679005854025,0.09362104375495568,0.09668308829214456,0.09737547179298132
0.37101416796992925,23.9329,3.0,71.7987,77.55,17.1371,5.290700000000001,2011,1,1,True,0.23362383393982927,0.2281152530227358,0.11871340861195084,0.1318679005854025,0.09362104375495568,0.09668308829214456,0.09737547179298132
0.24443458242314484,17.7965,11.0,195.7615,77.06,14.01237431,1.8713214300000018,2024,0,1,False,0.23362383393982927,0.2281152530227358,0.11871340861195084,0.1318679005854025,0.09362104375495568,0.09668308829214456,0.09737547179298132
0.02254489310192483,1.49614,14.0,20.94596,77.93,16.21055913,4.2897758800000005,2024,0,0,True,0.23362383393982927,0.2281152530227358,0.11871340861195084,0.1318679005854025,0.09362104375495568,0.09668308829214456,0.09737547179298132
0.2912346185930916,20.1018,8.0,160.8144,77.24,16.4953,7.252099999999999,2009,0,1,False,0.23362383393982927,0.2281152530227358,0.11871340861195084,0.1318679005854025,0.09362104375495568,0.09668308829214456,0.09737547179298132
0.35505713790540133,24.4345,2.0,48.869,76.51,16.31197109,6.090089299999995,2023,1,1,True,0.23362383393982927,0.2281152530227358,0.11871340861195084,0.1318679005854025,0.09362104375495568,0.09668308829214456,0.09737547179298132
0.20890310771241233,13.5397,,,76.6,18.3708,-2.6310999999999964,2013,0,0,True,0.23362383393982927,0.2281152530227358,0.11871340861195084,0.1318679005854025,0.09362104375495568,0.09668308829214456,0.09737547179298132
0.06068250071559812,3.86411,15.0,57.961650000000006,75.1,14.7114,-0.3271999999999977,2008,0,0,True,0.23362383393982927,0.2281152530227358,0.11871340861195084,0.1318679005854025,0.09362104375495568,0.09668308829214456,0.09737547179298132
0.1375916426953087,9.15078,13.0,118.96014,77.05,15.32480703,8.325401450000001,2025,0,0,True,0.23362383393982927,0.2281152530227358,0.11871340861195084,0.1318679005854025,0.09362104375495568,0.09668308829214456,0.09737547179298132
0.25755903236680966,18.6933,4.0,74.7732,75.84,16.42982012,1.0241240000000005,2018,1,1,True,0.23362383393982927,0.2281152530227358,0.11871340861195084,0.1318679005854025,0.09362104375495568,0.09668308829214456,0.09737547179298132
0.08810284944617462,6.29368,13.0,81.81784,78.14,18.47681014,5.969053240000001,2025,0,0,True,0.23362383393982927,0.2281152530227358,0.11871340861195084,0.1318679005854025,0.09362104375495568,0.09668308829214456,0.09737547179298132
0.1309571575955992,9.20693,13.0,119.69009,76.08,15.9043,4.913200000000003,2016,0,0,True,0.23362383393982927,0.2281152530227358,0.11871340861195084,0.1318679005854025,0.09362104375495568,0.09668308829214456,0.09737547179298132
0.23599622294010034,15.3352,6.0,92.0112,75.4,20.8622,4.099000000000004,2012,1,0,False,0.23362383393982927,0.2281152530227358,0.11871340861195084,0.1318679005854025,0.09362104375495568,0.09668308829214456,0.09737547179298132
0.27752662874654643,19.0252,4.0,76.1008,77.8,16.54837444,7.778282400000002,2018,0,1,False,0.23362383393982927,0.2281152530227358,0.11871340861195084,0.1318679005854025,0.09362104375495568,0.09668308829214456,0.09737547179298132
0.4012798344803048,27.0396,1.0,27.0396,77.61,17.91384547,4.3696299100000005,2022,1,1,True,0.23362383393982927,0.2281152530227358,0.11871340861195084,0.1318679005854025,0.09362104375495568,0.09668308829214456,0.09737547179298132
0.3796646516919953,25.1002,5.0,125.501,77.45,17.12961329,3.6548113099999995,2021,1,1,True,0.23362383393982927,0.2281152530227358,0.11871340861195084,0.1318679005854025,0.09362104375495568,0.09668308829214456,0.09737547179298132
0.10699119187362459,7.51657,13.0,97.71540999999999,77.5,14.25428857,1.665309470000004,2024,0,0,True,0.23362383393982927,0.2281152530227358,0.11871340861195084,0.1318679005854025,0.09362104375495568,0.09668308829214456,0.09737547179298132
-0.004010052922509079,-0.276113,16.0,-4.417808,76.96,17.66185337,0.5778646999999992,2022,0,0,True,0.23362383393982927,0.2281152530227358,0.11871340861195084,0.1318679005854025,0.09362104375495568,0.09668308829214456,0.09737547179298132
0.17951849654265728,11.9045,12.0,142.854,76.36,15.53272389,4.909232020000005,2023,0,0,True,0.23362383393982927,0.2281152530227358,0.11871340861195084,0.1318679005854025,0.09362104375495568,0.09668308829214456,0.09737547179298132
0.22823638737231167,15.131,11.0,166.441,78.13,16.77368628,6.418657930000002,2025,0,0,True,0.23362383393982927,0.2281152530227358,0.11871340861195084,0.1318679005854025,0.09362104375495568,0.09668308829214456,0.09737547179298132
0.2967550422302645,19.6986,2.0,39.3972,77.57,17.622,4.058700000000002,2012,0,1,False,0.23362383393982927,0.2281152530227358,0.11871340861195084,0.1318679005854025,0.09362104375495568,0.09668308829214456,0.09737547179298132
0.390754652957676,26.5678,3.0,79.70339999999999,78.01,13.96420691,8.27323862,2025,1,1,True,0.23362383393982927,0.2281152530227358,0.11871340861195084,0.1318679005854025,0.09362104375495568,0.09668308829214456,0.09737547179298132
0.25026534072889434,16.3876,11.0,180.2636,76.47,19.10516591,9.518805579999999,2018,1,0,False,0.23362383393982927,0.2281152530227358,0.11871340861195084,0.1318679005854025,0.09362104375495568,0.09668308829214456,0.09737547179298132
0.08021001738959503,5.28499,14.0,73.98986,78.0,16.05692088,3.0035473900000014,2025,0,0,True,0.23362383393982927,0.2281152530227358,0.11871340861195084,0.1318679005854025,0.09362104375495568,0.09668308829214456,0.09737547179298132
0.39948988024292653,25.4207,2.0,50.8414,77.56,16.1852,5.825600000000001,2013,1,1,True,0.23362383393982927,0.2281152530227358,0.11871340861195084,0.1318679005854025,0.09362104375495568,0.09668308829214456,0.09737547179298132
0.10738956998443377,7.6065,,,76.62,14.30997941,0.4269492800000023,2019,0,0,True,0.23362383393982927,0.2281152530227358,0.11871340861195084,0.1318679005854025,0.09362104375495568,0.09668308829214456,0.09737547179298132
0.29046293129704287,20.755,8.0,166.04,76.42,18.2028,7.325599999999994,2010,0,1,False,0.23362383393982927,0.2281152530227358,0.11871340861195084,0.1318679005854025,0.09362104375495568,0.09668308829214456,0.09737547179298132
0.16049481424722967,10.6128,12.0,127.3536,78.06,20.83073839,7.758312240000002,2022,1,0,False,0.23362383393982927,0.2281152530227358,0.11871340861195084,0.1318679005854025,0.09362104375495568,0.09668308829214456,0.09737547179298132
0.2603956963770269,18.5258,8.0,148.2064,76.82,18.28056956,5.918178480000002,2023,0,1,False,0.23362383393982927,0.2281152530227358,0.11871340861195084,0.1318679005854025,0.09362104375495568,0.09668308829214456,0.09737547179298132
0.25140532933295323,15.7829,9.0,142.0461,76.08,20.0512,8.3932,2009,0,0,True,0.23362383393982927,0.2281152530227358,0.11871340861195084,0.1318679005854025,0.09362104375495568,0.09668308829214456,0.09737547179298132
0.12391940246704229,8.79228,14.0,123.09192,77.2,17.79828223,8.281938330000003,2019,0,0,True,0.23362383393982927,0.2281152530227358,0.11871340861195084,0.1318679005854025,0.09362104375495568,0.09668308829214456,0.09737547179298132
0.20659505398639036,13.6173,12.0,163.4076,75.49,17.81756986,8.768524929999998,2019,0,0,True,0.23362383393982927,0.2281152530227358,0.11871340861195084,0.1318679005854025,0.09362104375495568,0.09668308829214456,0.09737547179298132
0.4545070736461155,25.8425,4.0,103.37,77.79,13.3974,3.644300000000001,2011,1,1,True,0.23362383393982927,0.2281152530227358,0.11871340861195084,0.1318679005854025,0.09362104375495568,0.09668308829214456,0.09737547179298132
0.13621483411381016,8.59581,13.0,111.74553,75.76,16.01162234,7.965196919999997,2021,0,0,True,0.23362383393982927,0.2281152530227358,0.11871340861195084,0.1318679005854025,0.09362104375495568,0.09668308829214456,0.09737547179298132
0.2824887414085521,18.9633,6.0,113.7798,76.9,14.21140529,0.9174776899999983,2018,1,1,True,0.23362383393982927,0.2281152530227358,0.11871340861195084,0.1318679005854025,0.09362104375495568,0.09668308829214456,0.09737547179298132
0.38492800740730654,27.7224,2.0,55.4448,77.43,15.66028148,4.585516220000002,2017,1,1,True,0.23362383393982927,0.2281152530227358,0.11871340861195084,0.1318679005854025,0.09362104375495568,0.09668308829214456,0.09737547179298132
0.3517617836598595,21.8939,9.0,197.0451,77.5,16.2956,4.5719000000000065,2014,1,1,True,0.23362383393982927,0.2281152530227358,0.11871340861195084,0.1318679005854025,0.09362104375495568,0.09668308829214456,0.09737547179298132
0.0991540803642639,7.129,13.0,92.67699999999999,76.58,17.5756,6.489599999999996,2016,0,0,True,0.23362383393982927,0.2281152530227358,0.11871340861195084,0.1318679005854025,0.09362104375495568,0.09668308829214456,0.09737547179298132
0.3346573013728407,23.1198,4.0,92.4792,77.0,18.37557865,6.083966800000006,2017,1,1,True,0.23362383393982927,0.2281152530227358,0.11871340861195084,0.1318679005854025,0.09362104375495568,0.09668308829214456,0.09737547179298132
0.12817367829668644,8.32183,15.0,124.82745,77.42,19.96511472,9.78608681,2021,0,0,True,0.23362383393982927,0.2281152530227358,0.11871340861195084,0.1318679005854025,0.09362104375495568,0.09668308829214456,0.09737547179298132
0.2979920806082477,20.4433,,,78.86,15.7847,3.3397000000000006,2014,0,0,True,0.23362383393982927,0.2281152530227358,0.11871340861195084,0.1318679005854025,0.09362104375495568,0.09668308829214456,0.09737547179298132
0.19845641815292378,13.6746,12.0,164.0952,76.64,16.40371118,2.986442309999994,2022,0,0,True,0.23362383393982927,0.2281152530227358,0.11871340861195084,0.1318679005854025,0.09362104375495568,0.09668308829214456,0.09737547179298132
0.3062022616586966,20.0583,5.0,100.2915,78.44,14.9199304,1.9415249400000008,2024,0,1,False,0.23362383393982927,0.2281152530227358,0.11871340861195084,0.1318679005854025,0.09362104375495568,0.09668308829214456,0.09737547179298132
-0.007973989885775312,-0.499348,16.0,-7.989568,76.0,19.0226,-1.1165999999999983,2011,0,0,True,0.23362383393982927,0.2281152530227358,0.11871340861195084,0.1318679005854025,0.09362104375495568,0.09668308829214456,0.09737547179298132
0.35641115584776956,22.2119,7.0,155.48329999999999,76.19,14.9927,6.256799999999998,2015,1,1,True,0.23362383393982927,0.2281152530227358,0.11871340861195084,0.1318679005854025,0.09362104375495568,0.09668308829214456,0.09737547179298132
0.2659516472467076,17.0379,6.0,102.2274,77.27,19.54647151,0.803967930000006,2023,0,1,False,0.23362383393982927,0.2281152530227358,0.11871340861195084,0.1318679005854025,0.09362104375495568,0.09668308829214456,0.09737547179298132
0.17791037113142094,11.3631,14.0,159.08339999999998,77.86,17.0099,7.736400000000003,2013,0,0,True,0.23362383393982927,0.2281152530227358,0.11871340861195084,0.1318679005854025,0.09362104375495568,0.09668308829214456,0.09737547179298132
0.44403209840068797,28.9556,1.0,28.9556,76.37,17.987,7.781700000000001,2009,1,1,True,0.23362383393982927,0.2281152530227358,0.11871340861195084,0.1318679005854025,0.09362104375495568,0.09668308829214456,0.09737547179298132
0.3971789515273591,28.0147,8.0,224.1176,77.32,13.41729184,8.635001470000006,2025,1,1,True,0.23362383393982927,0.2281152530227358,0.11871340861195084,0.1318679005854025,0.09362104375495568,0.09668308829214456,0.09737547179298132
0.3734116417370675,22.569,5.0,112.845,76.86,15.6887,5.183100000000003,2013,0,1,False,0.23362383393982927,0.2281152530227358,0.11871340861195084,0.1318679005854025,0.09362104375495568,0.09668308829214456,0.09737547179298132
0.345629951634378,22.0505,3.0,66.1515,76.47,19.4551,7.076999999999998,2008,1,1,True,0.23362383393982927,0.2281152530227358,0.11871340861195084,0.1318679005854025,0.09362104375495568,0.09668308829214456,0.09737547179298132
0.44662131656804716,28.7483,2.0,57.4966,77.11,16.19333259,5.579400749999998,2021,1,1,True,0.23362383393982927,0.2281152530227358,0.11871340861195084,0.1318679005854025,0.09362104375495568,0.09668308829214456,0.09737547179298132
0.33319387888736746,23.0174,2.0,46.0348,78.08,14.31592016,7.24058033,2024,1,1,True,0.23362383393982927,0.2281152530227358,0.11871340861195084,0.1318679005854025,0.09362104375495568,0.09668308829214456,0.09737547179298132
0.41257757988824506,26.6016,2.0,53.2032,77.45,17.02619617,8.819120120000001,2018,1,1,True,0.23362383393982927,0.2281152530227358,0.11871340861195084,0.1318679005854025,0.09362104375495568,0.09668308829214456,0.09737547179298132
0.1653788258194916,11.2,13.0,145.6,75.69,16.2716005,3.5591549199999974,2023,0,0,True,0.23362383393982927,0.2281152530227358,0.11871340861195084,0.1318679005854025,0.09362104375495568,0.09668308829214456,0.09737547179298132
0.17781823916436565,11.5135,13.0,149.6755,77.02,16.95022307,0.9627221599999984,2022,0,0,True,0.23362383393982927,0.2281152530227358,0.11871340861195084,0.1318679005854025,0.09362104375495568,0.09668308829214456,0.09737547179298132
0.24796231576716288,16.1937,6.0,97.1622,76.97,15.4063,2.703700000000005,2016,0,1,False,0.23362383393982927,0.2281152530227358,0.11871340861195084,0.1318679005854025,0.09362104375495568,0.09668308829214456,0.09737547179298132
0.20552668032527688,13.4896,11.0,148.38559999999998,76.3,17.1446,-0.6526999999999958,2011,1,0,False,0.23362383393982927,0.2281152530227358,0.11871340861195084,0.1318679005854025,0.09362104375495568,0.09668308829214456,0.09737547179298132
0.2119752759322239,14.4947,9.0,130.4523,77.81,16.0874,-1.7949999999999946,2016,1,0,False,0.23362383393982927,0.2281152530227358,0.11871340861195084,0.1318679005854025,0.09362104375495568,0.09668308829214456,0.09737547179298132
0.2794189009711217,18.53,9.0,166.77,77.55,18.9584,7.362899999999996,2013,0,1,False,0.23362383393982927,0.2281152530227358,0.11871340861195084,0.1318679005854025,0.09362104375495568,0.09668308829214456,0.09737547179298132
0.205549805974048,12.7186,11.0,139.90460000000002,77.16,15.0621,7.180999999999997,2013,0,0,True,0.23362383393982927,0.2281152530227358,0.11871340861195084,0.1318679005854025,0.09362104375495568,0.09668308829214456,0.09737547179298132
0.4206156762581512,27.9717,2.0,55.9434,77.18,17.5822,9.6845,2016,0,1,False,0.23362383393982927,0.2281152530227358,0.11871340861195084,0.1318679005854025,0.09362104375495568,0.09668308829214456,0.09737547179298132
0.2403042651081086,15.0089,7.0,105.06230000000001,77.78,16.6638,6.145599999999995,2010,0,0,True,0.23362383393982927,0.2281152530227358,0.11871340861195084,0.1318679005854025,0.09362104375495568,0.09668308829214456,0.09737547179298132
0.06363148105817741,4.52661,13.0,58.845929999999996,74.9,17.77571426,4.938504619999996,2017,0,0,True,0.23362383393982927,0.2281152530227358,0.11871340861195084,0.1318679005854025,0.09362104375495568,0.09668308829214456,0.09737547179298132
0.30749470811292284,20.3262,4.0,81.3048,78.35,18.63957715,1.9513185599999971,2021,0,1,False,0.23362383393982927,0.2281152530227358,0.11871340861195084,0.1318679005854025,0.09362104375495568,0.09668308829214456,0.09737547179298132
0.23926314405712534,16.3316,6.0,97.98960000000001,76.9,20.7501,7.352400000000003,2013,1,1,True,0.23362383393982927,0.2281152530227358,0.11871340861195084,0.1318679005854025,0.09362104375495568,0.09668308829214456,0.09737547179298132
0.3620180943314056,23.2412,1.0,23.2412,78.56,17.21088322,6.8580363199999965,2023,0,1,False,0.23362383393982927,0.2281152530227358,0.11871340861195084,0.1318679005854025,0.09362104375495568,0.09668308829214456,0.09737547179298132
0.28661931220049297,20.1328,8.0,161.0624,78.26,16.43622834,2.5511372100000003,2022,1,1,True,0.23362383393982927,0.2281152530227358,0.11871340861195084,0.1318679005854025,0.09362104375495568,0.09668308829214456,0.09737547179298132
0.20382683403297192,13.9324,7.0,97.5268,75.66,15.31952607,-0.25274778,2018,1,0,False,0.23362383393982927,0.2281152530227358,0.11871340861195084,0.1318679005854025,0.09362104375495568,0.09668308829214456,0.09737547179298132
0.1182085509147906,8.46534,14.0,118.51476,73.98,18.3835,1.0760999999999967,2008,0,0,True,0.23362383393982927,0.2281152530227358,0.11871340861195084,0.1318679005854025,0.09362104375495568,0.09668308829214456,0.09737547179298132
0.27136255784657515,18.9045,11.0,207.9495,77.31,20.6482,5.338000000000001,2008,1,1,True,0.23362383393982927,0.2281152530227358,0.11871340861195084,0.1318679005854025,0.09362104375495568,0.09668308829214456,0.09737547179298132
0.3108989501838088,20.1382,9.0,181.24380000000002,79.14,19.3767,4.863199999999999,2011,1,1,True,0.23362383393982927,0.2281152530227358,0.11871340861195084,0.1318679005854025,0.09362104375495568,0.09668308829214456,0.09737547179298132
-0.1900168581648198,-12.7572,16.0,-204.1152,76.31,19.6735334,-0.7058290400000047,2025,0,0,True,0.23362383393982927,0.2281152530227358,0.11871340861195084,0.1318679005854025,0.09362104375495568,0.09668308829214456,0.09737547179298132
0.41250913150691415,29.0623,1.0,29.0623,77.0,18.13632471,10.328849329999997,2021,1,1,True,0.23362383393982927,0.2281152530227358,0.11871340861195084,0.1318679005854025,0.09362104375495568,0.09668308829214456,0.09737547179298132
-0.013915761594215828,-0.81818,16.0,-13.09088,76.19,14.729,-4.396700000000003,2014,0,0,True,0.23362383393982927,0.2281152530227358,0.11871340861195084,0.1318679005854025,0.09362104375495568,0.09668308829214456,0.09737547179298132
0.5038784663238774,31.18,3.0,93.53999999999999,77.12,17.7846,12.518099999999997,2013,1,1,True,0.23362383393982927,0.2281152530227358,0.11871340861195084,0.1318679005854025,0.09362104375495568,0.09668308829214456,0.09737547179298132
0.2518763965728007,16.3329,7.0,114.3303,79.28,16.35572637,5.6842370299999985,2024,1,1,True,0.23362383393982927,0.2281152530227358,0.11871340861195084,0.1318679005854025,0.09362104375495568,0.09668308829214456,0.09737547179298132
0.17982264591778957,11.8752,13.0,154.3776,75.98,19.4133,-0.5929000000000002,2012,1,0,False,0.23362383393982927,0.2281152530227358,0.11871340861195084,0.1318679005854025,0.09362104375495568,0.09668308829214456,0.09737547179298132
0.24895379433528195,15.9195,12.0,191.034,77.01,18.7033,4.414999999999999,2010,1,1,True,0.23362383393982927,0.2281152530227358,0.11871340861195084,0.1318679005854025,0.09362104375495568,0.09668308829214456,0.09737547179298132
0.023844533870960288,1.60473,16.0,25.67568,75.87,16.59774148,-3.68676215,2022,0,0,True,0.23362383393982927,0.2281152530227358,0.11871340861195084,0.1318679005854025,0.09362104375495568,0.09668308829214456,0.09737547179298132
0.0979679729671378,6.4956,12.0,77.9472,76.95,18.0356,0.17919999999999447,2016,0,0,True,0.23362383393982927,0.2281152530227358,0.11871340861195084,0.1318679005854025,0.09362104375495568,0.09668308829214456,0.09737547179298132
0.23295181313054858,16.2479,8.0,129.9832,76.94,16.60749277,3.2942899000000025,2017,1,0,False,0.23362383393982927,0.2281152530227358,0.11871340861195084,0.1318679005854025,0.09362104375495568,0.09668308829214456,0.09737547179298132
0.10313702957637173,6.9759,12.0,83.7108,76.84,21.8849,5.332100000000004,2011,0,0,True,0.23362383393982927,0.2281152530227358,0.11871340861195084,0.1318679005854025,0.09362104375495568,0.09668308829214456,0.09737547179298132
0.25649638606531616,16.722,6.0,100.33200000000001,78.61,18.0986,1.7898999999999958,2015,0,1,False,0.23362383393982927,0.2281152530227358,0.11871340861195084,0.1318679005854025,0.09362104375495568,0.09668308829214456,0.09737547179298132
0.28626951160705527,18.5464,5.0,92.732,78.16,17.26333821,5.327496240000002,2022,0,1,False,0.23362383393982927,0.2281152530227358,0.11871340861195084,0.1318679005854025,0.09362104375495568,0.09668308829214456,0.09737547179298132
0.29092914966499267,18.297,10.0,182.97,77.26,17.85970563,1.0365167300000024,2019,1,1,True,0.23362383393982927,0.2281152530227358,0.11871340861195084,0.1318679005854025,0.09362104375495568,0.09668308829214456,0.09737547179298132
0.39960538708001525,25.3572,1.0,25.3572,76.53,16.2078,8.717500000000001,2014,1,1,True,0.23362383393982927,0.2281152530227358,0.11871340861195084,0.1318679005854025,0.09362104375495568,0.09668308829214456,0.09737547179298132
0.457211856348898,32.0495,1.0,32.0495,78.51,16.2242422,16.30703775,2017,1,1,True,0.23362383393982927,0.2281152530227358,0.11871340861195084,0.1318679005854025,0.09362104375495568,0.09668308829214456,0.09737547179298132
0.053627798852890735,3.69458,16.0,59.11328,76.06,16.65335051,5.333177859999999,2018,0,0,True,0.23362383393982927,0.2281152530227358,0.11871340861195084,0.1318679005854025,0.09362104375495568,0.09668308829214456,0.09737547179298132
0.2662715209267467,16.3704,4.0,65.4816,76.58,13.63018458,4.03237386,2023,0,1,False,0.23362383393982927,0.2281152530227358,0.11871340861195084,0.1318679005854025,0.09362104375495568,0.09668308829214456,0.09737547179298132
0.16974275863336538,10.833,9.0,97.497,75.55,16.3102,-5.932400000000001,2012,0,0,True,0.23362383393982927,0.2281152530227358,0.11871340861195084,0.1318679005854025,0.09362104375495568,0.09668308829214456,0.09737547179298132
0.2740922583276077,17.5811,12.0,210.9732,76.56,17.6137,4.717399999999998,2014,1,0,False,0.23362383393982927,0.2281152530227358,0.11871340861195084,0.1318679005854025,0.09362104375495568,0.09668308829214456,0.09737547179298132
0.24899579353388213,16.6067,11.0,182.6737,78.23,17.26675169,2.361810499999997,2022,1,1,True,0.23362383393982927,0.2281152530227358,0.11871340861195084,0.1318679005854025,0.09362104375495568,0.09668308829214456,0.09737547179298132
0.3443055296234305,21.7211,7.0,152.0477,76.2,17.4424,7.0257000000000005,2015,1,1,True,0.23362383393982927,0.2281152530227358,0.11871340861195084,0.1318679005854025,0.09362104375495568,0.09668308829214456,0.09737547179298132
0.15303554051039983,10.4038,14.0,145.6532,76.77,17.44372192,5.15352661,2018,0,0,True,0.23362383393982927,0.2281152530227358,0.11871340861195084,0.1318679005854025,0.09362104375495568,0.09668308829214456,0.09737547179298132
0.23633196726998432,14.2213,7.0,99.5491,77.71,16.1713,4.0959,2012,0,0,True,0.23362383393982927,0.2281152530227358,0.11871340861195084,0.1318679005854025,0.09362104375495568,0.09668308829214456,0.09737547179298132
0.02829202350896098,1.90785,16.0,30.5256,75.66,21.1201,2.817300000000003,2011,0,0,True,0.23362383393982927,0.2281152530227358,0.11871340861195084,0.1318679005854025,0.09362104375495568,0.09668308829214456,0.09737547179298132
0.502167794029682,33.867,1.0,33.867,76.66,16.52833172,4.435323709999999,2021,1,1,True,0.23362383393982927,0.2281152530227358,0.11871340861195084,0.1318679005854025,0.09362104375495568,0.09668308829214456,0.09737547179298132
0.34908842594172723,22.1845,6.0,133.107,77.67,15.29361301,10.699187279999997,2017,1,1,True,0.23362383393982927,0.2281152530227358,0.11871340861195084,0.1318679005854025,0.09362104375495568,0.09668308829214456,0.09737547179298132
0.5147562250092598,33.2863,1.0,33.2863,78.99,16.4169,2.934899999999999,2010,1,1,True,0.23362383393982927,0.2281152530227358,0.11871340861195084,0.1318679005854025,0.09362104375495568,0.09668308829214456,0.09737547179298132
0.3343969979970991,22.9393,7.0,160.5751,77.97,16.89776746,6.669925909999996,2025,0,1,False,0.23362383393982927,0.2281152530227358,0.11871340861195084,0.1318679005854025,0.09362104375495568,0.09668308829214456,0.09737547179298132
0.11470899153665892,7.59151,13.0,98.68963000000001,76.93,16.61307026,2.8068886100000014,2019,0,0,True,0.23362383393982927,0.2281152530227358,0.11871340861195084,0.1318679005854025,0.09362104375495568,0.09668308829214456,0.09737547179298132
0.11815526695779463,7.98641,13.0,103.82333,75.45,15.7346,-1.3211999999999975,2008,1,0,False,0.23362383393982927,0.2281152530227358,0.11871340861195084,0.1318679005854025,0.09362104375495568,0.09668308829214456,0.09737547179298132
0.477686064038605,30.6513,1.0,30.6513,77.38,16.254,7.6646,2015,1,1,True,0.23362383393982927,0.2281152530227358,0.11871340861195084,0.1318679005854025,0.09362104375495568,0.09668308829214456,0.09737547179298132
0.2641888512718891,15.9485,8.0,127.588,78.64,18.6445,3.594300000000004,2015,1,1,True,0.23362383393982927,0.2281152530227358,0.11871340861195084,0.1318679005854025,0.09362104375495568,0.09668308829214456,0.09737547179298132
0.4665366642904834,29.8834,1.0,29.8834,77.64,17.03804952,10.05257238,2017,1,1,True,0.23362383393982927,0.2281152530227358,0.11871340861195084,0.1318679005854025,0.09362104375495568,0.09668308829214456,0.09737547179298132
0.20776764345183876,13.8313,10.0,138.31300000000002,76.46,17.1649,-0.7329000000000008,2015,0,0,True,0.23362383393982927,0.2281152530227358,0.11871340861195084,0.1318679005854025,0.09362104375495568,0.09668308829214456,0.09737547179298132
0.3072859742497353,19.5287,5.0,97.6435,77.82,16.91939531,5.447406550000004,2022,1,1,True,0.23362383393982927,0.2281152530227358,0.11871340861195084,0.1318679005854025,0.09362104375495568,0.09668308829214456,0.09737547179298132
0.02459413432590869,1.67944,14.0,23.51216,76.15,17.94204719,-0.0630263400000004,2017,0,0,True,0.23362383393982927,0.2281152530227358,0.11871340861195084,0.1318679005854025,0.09362104375495568,0.09668308829214456,0.09737547179298132
0.2215012798197969,15.1401,9.0,136.2609,77.61,18.74221331,4.148789399999998,2021,0,0,True,0.23362383393982927,0.2281152530227358,0.11871340861195084,0.1318679005854025,0.09362104375495568,0.09668308829214456,0.09737547179298132
0.22932846264106926,14.4748,6.0,86.8488,77.97,19.5507,2.9391999999999996,2008,1,0,False,0.23362383393982927,0.2281152530227358,0.11871340861195084,0.1318679005854025,0.09362104375495568,0.09668308829214456,0.09737547179298132
0.19525478901486512,13.415,9.0,120.73499999999999,78.1,20.31854166,6.5911709599999995,2018,1,0,False,0.23362383393982927,0.2281152530227358,0.11871340861195084,0.1318679005854025,0.09362104375495568,0.09668308829214456,0.09737547179298132
0.2215395968932192,15.3869,8.0,123.0952,78.35,13.98473512,-0.4534087699999958,2023,0,0,True,0.23362383393982927,0.2281152530227358,0.11871340861195084,0.1318679005854025,0.09362104375495568,0.09668308829214456,0.09737547179298132
0.5139007328802767,35.0506,1.0,35.0506,78.51,13.61543968,8.935648289999996,2025,1,1,True,0.23362383393982927,0.2281152530227358,0.11871340861195084,0.1318679005854025,0.09362104375495568,0.09668308829214456,0.09737547179298132
0.3272091820900565,20.3833,4.0,81.5332,78.56,15.2428,1.573599999999999,2014,1,1,True,0.23362383393982927,0.2281152530227358,0.11871340861195084,0.1318679005854025,0.09362104375495568,0.09668308829214456,0.09737547179298132
0.3005748557569163,20.2506,5.0,101.25299999999999,78.93,18.8538,10.2457,2016,1,1,True,0.23362383393982927,0.2281152530227358,0.11871340861195084,0.1318679005854025,0.09362104375495568,0.09668308829214456,0.09737547179298132
0.3722367942317952,25.0952,3.0,75.28559999999999,76.75,17.72470924,2.4098436199999966,2022,1,1,True,0.23362383393982927,0.2281152530227358,0.11871340861195084,0.1318679005854025,0.09362104375495568,0.09668308829214456,0.09737547179298132
0.13975257808874123,9.07359,13.0,117.95666999999999,78.2,14.29105964,2.5385749600000054,2024,1,0,False,0.23362383393982927,0.2281152530227358,0.11871340861195084,0.1318679005854025,0.09362104375495568,0.09668308829214456,0.09737547179298132
0.33731456731574544,22.266,3.0,66.798,76.81,17.86385163,1.1539935500000027,2018,1,1,True,0.23362383393982927,0.2281152530227358,0.11871340861195084,0.1318679005854025,0.09362104375495568,0.09668308829214456,0.09737547179298132
0.26540407218690315,19.2927,3.0,57.8781,78.78,14.27441757,5.241050269999995,2024,0,1,False,0.23362383393982927,0.2281152530227358,0.11871340861195084,0.1318679005854025,0.09362104375495568,0.09668308829214456,0.09737547179298132
-0.0797395779217961,-5.31922,16.0,-85.10752,76.58,19.6892,-1.5213999999999999,2011,0,0,True,0.23362383393982927,0.2281152530227358,0.11871340861195084,0.1318679005854025,0.09362104375495568,0.09668308829214456,0.09737547179298132
0.06940932860613354,4.58416,14.0,64.17824,76.79,16.96266517,3.765980859999999,2024,0,0,True,0.23362383393982927,0.2281152530227358,0.11871340861195084,0.1318679005854025,0.09362104375495568,0.09668308829214456,0.09737547179298132
0.29573324911788545,20.2354,6.0,121.41239999999999,75.56,17.47117309,6.690918549999999,2018,1,1,True,0.23362383393982927,0.2281152530227358,0.11871340861195084,0.1318679005854025,0.09362104375495568,0.09668308829214456,0.09737547179298132
0.3986028829574621,27.4977,4.0,109.9908,77.26,16.91821554,4.512191739999999,2017,1,1,True,0.23362383393982927,0.2281152530227358,0.11871340861195084,0.1318679005854025,0.09362104375495568,0.09668308829214456,0.09737547179298132
0.21988072129184327,14.8215,10.0,148.215,77.42,16.2517,3.4639999999999986,2014,0,0,True,0.23362383393982927,0.2281152530227358,0.11871340861195084,0.1318679005854025,0.09362104375495568,0.09668308829214456,0.09737547179298132
0.3263710494343332,22.0869,6.0,132.5214,77.66,16.25931523,7.878926329999999,2019,0,1,False,0.23362383393982927,0.2281152530227358,0.11871340861195084,0.1318679005854025,0.09362104375495568,0.09668308829214456,0.09737547179298132
0.16739684568147264,11.8486,12.0,142.1832,76.91,16.66718236,3.3971444199999965,2023,0,0,True,0.23362383393982927,0.2281152530227358,0.11871340861195084,0.1318679005854025,0.09362104375495568,0.09668308829214456,0.09737547179298132
0.43005872385179605,29.6713,1.0,29.6713,77.25,17.8443,9.289299999999997,2016,1,1,True,0.23362383393982927,0.2281152530227358,0.11871340861195084,0.1318679005854025,0.09362104375495568,0.09668308829214456,0.09737547179298132
0.3694465574467227,26.4049,2.0,52.8098,77.03,18.0899,4.724499999999999,2008,1,1,True,0.23362383393982927,0.2281152530227358,0.11871340861195084,0.1318679005854025,0.09362104375495568,0.09668308829214456,0.09737547179298132
0.23531731990080854,15.0913,10.0,150.913,76.95,19.188,4.045899999999996,2015,0,0,True,0.23362383393982927,0.2281152530227358,0.11871340861195084,0.1318679005854025,0.09362104375495568,0.09668308829214456,0.09737547179298132
0.15951411481259073,9.69857,12.0,116.38284,76.3,18.4291,5.2104,2009,0,0,True,0.23362383393982927,0.2281152530227358,0.11871340861195084,0.1318679005854025,0.09362104375495568,0.09668308829214456,0.09737547179298132
0.35255533918765236,22.5536,8.0,180.4288,79.4,18.1034,5.056899999999999,2014,1,1,True,0.23362383393982927,0.2281152530227358,0.11871340861195084,0.1318679005854025,0.09362104375495568,0.09668308829214456,0.09737547179298132
0.17679267157235015,11.1265,11.0,122.39150000000001,76.81,15.1767,2.2121999999999957,2016,1,0,False,0.23362383393982927,0.2281152530227358,0.11871340861195084,0.1318679005854025,0.09362104375495568,0.09668308829214456,0.09737547179298132
0.2599580207090963,17.5017,9.0,157.5153,76.34,16.05869731,4.244298190000002,2021,0,1,False,0.23362383393982927,0.2281152530227358,0.11871340861195084,0.1318679005854025,0.09362104375495568,0.09668308829214456,0.09737547179298132
0.30806898265413424,20.1255,5.0,100.6275,76.5,21.2893,6.531700000000001,2010,1,1,True,0.23362383393982927,0.2281152530227358,0.11871340861195084,0.1318679005854025,0.09362104375495568,0.09668308829214456,0.09737547179298132
0.3164419090097951,22.1166,4.0,88.4664,79.62,20.42104218,8.21186205,2021,1,1,True,0.23362383393982927,0.2281152530227358,0.11871340861195084,0.1318679005854025,0.09362104375495568,0.09668308829214456,0.09737547179298132
0.34988613301867727,23.8918,3.0,71.6754,77.05,18.7529,4.6691,2009,1,1,True,0.23362383393982927,0.2281152530227358,0.11871340861195084,0.1318679005854025,0.09362104375495568,0.09668308829214456,0.09737547179298132
0.028806439242316375,1.98256,14.0,27.755840000000003,76.47,18.39036988,-1.0302776500000022,2022,0,0,True,0.23362383393982927,0.2281152530227358,0.11871340861195084,0.1318679005854025,0.09362104375495568,0.09668308829214456,0.09737547179298132
0.10647004407129614,6.90339,13.0,89.74407,76.35,20.5926,0.8093999999999966,2009,0,0,True,0.23362383393982927,0.2281152530227358,0.11871340861195084,0.1318679005854025,0.09362104375495568,0.09668308829214456,0.09737547179298132
0.2164313531648856,14.2825,9.0,128.54250000000002,77.26,19.76365957,5.85654151,2019,1,0,False,0.23362383393982927,0.2281152530227358,0.11871340861195084,0.1318679005854025,0.09362104375495568,0.09668308829214456,0.09737547179298132
0.43717670790862717,28.3221,2.0,56.6442,77.71,13.94176409,7.505610609999998,2019,1,1,True,0.23362383393982927,0.2281152530227358,0.11871340861195084,0.1318679005854025,0.09362104375495568,0.09668308829214456,0.09737547179298132
0.4911850484809566,33.7563,1.0,33.7563,77.33,15.04551268,9.974895430000004,2018,1,1,True,0.23362383393982927,0.2281152530227358,0.11871340861195084,0.1318679005854025,0.09362104375495568,0.09668308829214456,0.09737547179298132
0.10350525198261243,6.37936,13.0,82.93168,75.77,19.3813,0.09960000000000235,2008,0,0,True,0.23362383393982927,0.2281152530227358,0.11871340861195084,0.1318679005854025,0.09362104375495568,0.09668308829214456,0.09737547179298132
0.2759425181340693,17.504,7.0,122.528,76.83,15.96396081,2.4947750199999987,2019,0,1,False,0.23362383393982927,0.2281152530227358,0.11871340861195084,0.1318679005854025,0.09362104375495568,0.09668308829214456,0.09737547179298132
0.46705239095253454,29.9396,1.0,29.9396,77.56,18.6199,6.838299999999997,2008,1,1,True,0.23362383393982927,0.2281152530227358,0.11871340861195084,0.1318679005854025,0.09362104375495568,0.09668308829214456,0.09737547179298132
0.31482691564766,20.7572,4.0,83.0288,76.44,15.02583923,3.1651625400000043,2017,1,1,True,0.23362383393982927,0.2281152530227358,0.11871340861195084,0.1318679005854025,0.09362104375495568,0.09668308829214456,0.09737547179298132
0.23937935526509913,15.8506,10.0,158.506,77.65,16.64302176,2.5594408600000023,2023,0,0,True,0.23362383393982927,0.2281152530227358,0.11871340861195084,0.1318679005854025,0.09362104375495568,0.09668308829214456,0.09737547179298132
0.28963011796642296,18.324,3.0,54.97200000000001,77.12,20.8918,6.709699999999998,2013,1,1,True,0.23362383393982927,0.2281152530227358,0.11871340861195084,0.1318679005854025,0.09362104375495568,0.09668308829214456,0.09737547179298132
0.267270836430703,17.7451,8.0,141.9608,77.41,18.6085,7.1666000000000025,2011,0,1,False,0.23362383393982927,0.2281152530227358,0.11871340861195084,0.1318679005854025,0.09362104375495568,0.09668308829214456,0.09737547179298132
0.2591247556715456,16.4616,8.0,131.6928,76.29,16.9485,-0.06329999999999814,2011,1,0,False,0.23362383393982927,0.2281152530227358,0.11871340861195084,0.1318679005854025,0.09362104375495568,0.09668308829214456,0.09737547179298132
0.22481241460934356,14.8581,8.0,118.8648,77.69,17.5148,2.7775999999999996,2009,1,0,False,0.23362383393982927,0.2281152530227358,0.11871340861195084,0.1318679005854025,0.09362104375495568,0.09668308829214456,0.09737547179298132
0.22355588462034423,15.3377,11.0,168.7147,78.15,20.08148449,6.8614612200000025,2021,0,1,False,0.23362383393982927,0.2281152530227358,0.11871340861195084,0.1318679005854025,0.09362104375495568,0.09668308829214456,0.09737547179298132
0.2544161672194719,17.067,8.0,136.536,76.88,18.8619605,3.070911500000001,2024,0,1,False,0.23362383393982927,0.2281152530227358,0.11871340861195084,0.1318679005854025,0.09362104375495568,0.09668308829214456,0.09737547179298132
0.18865488448163228,12.9182,12.0,155.0184,75.44,17.38660472,6.3215103,2018,0,0,True,0.23362383393982927,0.2281152530227358,0.11871340861195084,0.1318679005854025,0.09362104375495568,0.09668308829214456,0.09737547179298132
0.5181565962048137,30.0607,2.0,60.1214,78.28,15.739,9.614099999999993,2015,1,1,True,0.23362383393982927,0.2281152530227358,0.11871340861195084,0.1318679005854025,0.09362104375495568,0.09668308829214456,0.09737547179298132
0.2740116647606464,17.8041,5.0,89.0205,78.16,20.6622,11.6263,2009,0,0,True,0.23362383393982927,0.2281152530227358,0.11871340861195084,0.1318679005854025,0.09362104375495568,0.09668308829214456,0.09737547179298132
0.39077769202176754,27.451,1.0,27.451,77.17,17.58826677,8.22101154,2017,1,1,True,0.23362383393982927,0.2281152530227358,0.11871340861195084,0.1318679005854025,0.09362104375495568,0.09668308829214456,0.09737547179298132
0.2881290853644576,20.3488,8.0,162.7904,77.61,15.55996973,1.0865123700000012,2021,1,1,True,0.23362383393982927,0.2281152530227358,0.11871340861195084,0.1318679005854025,0.09362104375495568,0.09668308829214456,0.09737547179298132
-0.06317998235716599,-4.22271,16.0,-67.56336,76.17,19.73593842,-0.3674774999999997,2019,0,0,True,0.23362383393982927,0.2281152530227358,0.11871340861195084,0.1318679005854025,0.09362104375495568,0.09668308829214456,0.09737547179298132
0.0816279061071789,5.47951,15.0,82.19265,76.33,19.2442,1.0349000000000004,2012,0,0,True,0.23362383393982927,0.2281152530227358,0.11871340861195084,0.1318679005854025,0.09362104375495568,0.09668308829214456,0.09737547179298132
-0.04676804454794097,-2.97275,,,77.52,19.0814,9.438900000000004,2009,0,0,True,0.23362383393982927,0.2281152530227358,0.11871340861195084,0.1318679005854025,0.09362104375495568,0.09668308829214456,0.09737547179298132
0.12810778287225635,9.24837,14.0,129.47718,76.44,14.70996985,5.005998679999998,2021,0,0,True,0.23362383393982927,0.2281152530227358,0.11871340861195084,0.1318679005854025,0.09362104375495568,0.09668308829214456,0.09737547179298132
-0.1791565541590092,-11.3933,16.0,-182.2928,76.3,16.7702,-5.633200000000002,2016,0,0,True,0.23362383393982927,0.2281152530227358,0.11871340861195084,0.1318679005854025,0.09362104375495568,0.09668308829214456,0.09737547179298132
0.25472079011040244,15.1242,11.0,166.3662,77.31,18.43340931,-0.2586486900000011,2025,1,0,False,0.23362383393982927,0.2281152530227358,0.11871340861195084,0.1318679005854025,0.09362104375495568,0.09668308829214456,0.09737547179298132
0.16295658822358916,11.0246,13.0,143.3198,77.79,14.5213282,5.0951485000000005,2025,0,0,True,0.23362383393982927,0.2281152530227358,0.11871340861195084,0.1318679005854025,0.09362104375495568,0.09668308829214456,0.09737547179298132
0.22493507402473548,15.002,10.0,150.02,75.91,14.1172,1.7013999999999996,2015,0,0,True,0.23362383393982927,0.2281152530227358,0.11871340861195084,0.1318679005854025,0.09362104375495568,0.09668308829214456,0.09737547179298132
0.21701906403804055,13.9619,9.0,125.6571,78.14,19.884,8.548900000000003,2015,0,0,True,0.23362383393982927,0.2281152530227358,0.11871340861195084,0.1318679005854025,0.09362104375495568,0.09668308829214456,0.09737547179298132
0.31828195371852686,20.746,10.0,207.45999999999998,77.56,17.0248,8.362299999999998,2015,1,1,True,0.23362383393982927,0.2281152530227358,0.11871340861195084,0.1318679005854025,0.09362104375495568,0.09668308829214456,0.09737547179298132
-0.07596604287076973,-4.98357,16.0,-79.73712,76.71,20.1726,0.9059000000000026,2014,0,0,True,0.23362383393982927,0.2281152530227358,0.11871340861195084,0.1318679005854025,0.09362104375495568,0.09668308829214456,0.09737547179298132
0.23486704235152484,15.1365,8.0,121.092,78.47,18.46319714,2.562736969999996,2022,0,0,True,0.23362383393982927,0.2281152530227358,0.11871340861195084,0.1318679005854025,0.09362104375495568,0.09668308829214456,0.09737547179298132
0.2483025398738932,16.9501,7.0,118.6507,77.44,21.19377468,4.187087550000001,2021,1,1,True,0.23362383393982927,0.2281152530227358,0.11871340861195084,0.1318679005854025,0.09362104375495568,0.09668308829214456,0.09737547179298132
0.020356168010519243,1.34653,15.0,20.19795,75.89,17.30826619,-0.21830028999999485,2019,0,0,True,0.23362383393982927,0.2281152530227358,0.11871340861195084,0.1318679005854025,0.09362104375495568,0.09668308829214456,0.09737547179298132
0.13110960989958406,8.33747,14.0,116.72458,77.47,17.4601,4.6972999999999985,2014,1,0,False,0.23362383393982927,0.2281152530227358,0.11871340861195084,0.1318679005854025,0.09362104375495568,0.09668308829214456,0.09737547179298132
0.12929196962304487,8.16899,14.0,114.36586000000001,75.66,18.2304,1.6842000000000041,2011,0,0,True,0.23362383393982927,0.2281152530227358,0.11871340861195084,0.1318679005854025,0.09362104375495568,0.09668308829214456,0.09737547179298132
0.19856448687052866,13.7604,9.0,123.84360000000001,77.72,20.2491,6.1235,2015,0,0,True,0.23362383393982927,0.2281152530227358,0.11871340861195084,0.1318679005854025,0.09362104375495568,0.09668308829214456,0.09737547179298132
-0.10941273567840326,-7.09337,16.0,-113.49392,76.76,20.12704061,-1.8780124800000024,2024,0,0,True,0.23362383393982927,0.2281152530227358,0.11871340861195084,0.1318679005854025,0.09362104375495568,0.09668308829214456,0.09737547179298132
0.44385631052122243,29.3073,1.0,29.3073,77.48,19.2283,8.821199999999997,2013,1,1,True,0.23362383393982927,0.2281152530227358,0.11871340861195084,0.1318679005854025,0.09362104375495568,0.09668308829214456,0.09737547179298132
0.21603018225838724,14.8861,8.0,119.0888,77.28,15.47488833,3.8506395699999985,2024,1,0,False,0.23362383393982927,0.2281152530227358,0.11871340861195084,0.1318679005854025,0.09362104375495568,0.09668308829214456,0.09737547179298132
0.44521819619925757,29.6713,1.0,29.6713,77.89,16.56782948,10.842970560000005,2021,1,1,True,0.23362383393982927,0.2281152530227358,0.11871340861195084,0.1318679005854025,0.09362104375495568,0.09668308829214456,0.09737547179298132
0.3425206716444709,21.2034,9.0,190.83059999999998,75.88,17.9154,5.6385000000000005,2012,1,1,True,0.23362383393982927,0.2281152530227358,0.11871340861195084,0.1318679005854025,0.09362104375495568,0.09668308829214456,0.09737547179298132
0.05912362244000997,4.04337,14.0,56.60718000000001,75.89,17.84797983,0.5427678699999987,2023,0,0,True,0.23362383393982927,0.2281152530227358,0.11871340861195084,0.1318679005854025,0.09362104375495568,0.09668308829214456,0.09737547179298132
0.1876785068295701,12.4258,,,77.63,18.41186493,-0.7454957399999955,2017,0,0,True,0.23362383393982927,0.2281152530227358,0.11871340861195084,0.1318679005854025,0.09362104375495568,0.09668308829214456,0.09737547179298132
0.2889064103177182,19.0489,7.0,133.3423,78.37,20.5705,9.8919,2008,0,1,False,0.23362383393982927,0.2281152530227358,0.11871340861195084,0.1318679005854025,0.09362104375495568,0.09668308829214456,0.09737547179298132
0.375533780172875,24.7906,3.0,74.37180000000001,76.27,15.794,3.9298,2011,1,1,True,0.23362383393982927,0.2281152530227358,0.11871340861195084,0.1318679005854025,0.09362104375495568,0.09668308829214456,0.09737547179298132
0.3137859208029831,22.1734,2.0,44.3468,76.99,18.0533,1.2141999999999982,2008,1,1,True,0.23362383393982927,0.2281152530227358,0.11871340861195084,0.1318679005854025,0.09362104375495568,0.09668308829214456,0.09737547179298132
0.29981708976051724,20.5882,5.0,102.941,76.99,15.74948192,8.971379509999998,2021,1,0,False,0.23362383393982927,0.2281152530227358,0.11871340861195084,0.1318679005854025,0.09362104375495568,0.09668308829214456,0.09737547179298132
0.26060649703132016,17.9395,5.0,89.69749999999999,76.79,16.05696119,1.9575674699999936,2023,1,1,True,0.23362383393982927,0.2281152530227358,0.11871340861195084,0.1318679005854025,0.09362104375495568,0.09668308829214456,0.09737547179298132
0.2615014514275641,16.5464,7.0,115.82479999999998,78.02,17.132,1.701900000000002,2016,1,1,True,0.23362383393982927,0.2281152530227358,0.11871340861195084,0.1318679005854025,0.09362104375495568,0.09668308829214456,0.09737547179298132
0.4396550700728722,27.8128,1.0,27.8128,77.56,17.2137,12.907200000000003,2013,1,1,True,0.23362383393982927,0.2281152530227358,0.11871340861195084,0.1318679005854025,0.09362104375495568,0.09668308829214456,0.09737547179298132
0.3216769667468409,21.8253,6.0,130.9518,77.91,16.62420197,9.329222909999999,2023,1,1,True,0.23362383393982927,0.2281152530227358,0.11871340861195084,0.1318679005854025,0.09362104375495568,0.09668308829214456,0.09737547179298132
0.4570915368891718,30.6175,1.0,30.6175,78.08,16.44284067,5.555315919999998,2024,1,1,True,0.23362383393982927,0.2281152530227358,0.11871340861195084,0.1318679005854025,0.09362104375495568,0.09668308829214456,0.09737547179298132
-0.06403095729404566,-4.40962,16.0,-70.55392,75.77,20.25411412,-1.634255920000001,2017,0,0,True,0.23362383393982927,0.2281152530227358,0.11871340861195084,0.1318679005854025,0.09362104375495568,0.09668308829214456,0.09737547179298132
0.24863609733360587,16.6985,11.0,183.68349999999998,78.49,18.38090386,-0.5028692500000034,2017,1,0,False,0.23362383393982927,0.2281152530227358,0.11871340861195084,0.1318679005854025,0.09362104375495568,0.09668308829214456,0.09737547179298132
0.4187705353864753,24.093,4.0,96.372,76.64,15.0532,4.588999999999999,2012,1,1,True,0.23362383393982927,0.2281152530227358,0.11871340861195084,0.1318679005854025,0.09362104375495568,0.09668308829214456,0.09737547179298132
0.03854084124966329,2.90063,15.0,43.50945,77.31,18.43426378,3.1958156299999985,2024,0,0,True,0.23362383393982927,0.2281152530227358,0.11871340861195084,0.1318679005854025,0.09362104375495568,0.09668308829214456,0.09737547179298132
0.39119466302528333,26.2697,2.0,52.5394,77.69,15.80808431,8.604684769999999,2018,1,1,True,0.23362383393982927,0.2281152530227358,0.11871340861195084,0.1318679005854025,0.09362104375495568,0.09668308829214456,0.09737547179298132
0.254829037771716,16.0276,6.0,96.1656,76.28,16.7104,1.2533999999999992,2012,1,1,True,0.23362383393982927,0.2281152530227358,0.11871340861195084,0.1318679005854025,0.09362104375495568,0.09668308829214456,0.09737547179298132
0.29262537946724876,19.3615,5.0,96.8075,77.56,16.21431459,3.7207377800000003,2024,1,1,True,0.23362383393982927,0.2281152530227358,0.11871340861195084,0.1318679005854025,0.09362104375495568,0.09668308829214456,0.09737547179298132
0.2301019962872282,15.4259,6.0,92.5554,77.11,16.77177589,3.3832647199999997,2018,0,0,True,0.23362383393982927,0.2281152530227358,0.11871340861195084,0.1318679005854025,0.09362104375495568,0.09668308829214456,0.09737547179298132
0.12042058853772551,7.67892,13.0,99.82596,78.33,21.9476,6.588499999999996,2013,0,0,True,0.23362383393982927,0.2281152530227358,0.11871340861195084,0.1318679005854025,0.09362104375495568,0.09668308829214456,0.09737547179298132
0.2765339620538276,18.762,,,78.56,16.7778,7.5349,2016,0,0,True,0.23362383393982927,0.2281152530227358,0.11871340861195084,0.1318679005854025,0.09362104375495568,0.09668308829214456,0.09737547179298132
0.13392004022140777,8.82363,10.0,88.2363,77.51,13.7728,-1.4415000000000049,2016,0,0,True,0.23362383393982927,0.2281152530227358,0.11871340861195084,0.1318679005854025,0.09362104375495568,0.09668308829214456,0.09737547179298132
0.06372004747026078,3.96289,15.0,59.443349999999995,75.88,17.8202,-1.2457999999999956,2013,0,0,True,0.23362383393982927,0.2281152530227358,0.11871340861195084,0.1318679005854025,0.09362104375495568,0.09668308829214456,0.09737547179298132
0.276274330772145,17.3103,11.0,190.41330000000002,77.75,16.28547479,3.105140480000003,2019,0,1,False,0.23362383393982927,0.2281152530227358,0.11871340861195084,0.1318679005854025,0.09362104375495568,0.09668308829214456,0.09737547179298132
0.039623687526595536,2.69302,15.0,40.395300000000006,77.08,16.62642919,6.068296969999999,2024,0,0,True,0.23362383393982927,0.2281152530227358,0.11871340861195084,0.1318679005854025,0.09362104375495568,0.09668308829214456,0.09737547179298132
0.25490231172315264,16.9053,9.0,152.14770000000001,76.99,19.8366,5.1601,2010,0,0,True,0.23362383393982927,0.2281152530227358,0.11871340861195084,0.1318679005854025,0.09362104375495568,0.09668308829214456,0.09737547179298132
0.316262643342667,19.3937,6.0,116.3622,77.66,17.8184,1.9756999999999962,2014,1,1,True,0.23362383393982927,0.2281152530227358,0.11871340861195084,0.1318679005854025,0.09362104375495568,0.09668308829214456,0.09737547179298132
-0.007015621410724587,-0.48404,16.0,-7.74464,75.08,17.71731393,-5.78794637,2023,0,0,True,0.23362383393982927,0.2281152530227358,0.11871340861195084,0.1318679005854025,0.09362104375495568,0.09668308829214456,0.09737547179298132
0.022199041320802082,1.46628,15.0,21.9942,76.43,17.90842624,0.016699610000003418,2022,0,0,True,0.23362383393982927,0.2281152530227358,0.11871340861195084,0.1318679005854025,0.09362104375495568,0.09668308829214456,0.09737547179298132
0.33181409784900995,23.0349,4.0,92.1396,78.45,16.07332498,14.063833439999996,2018,1,1,True,0.23362383393982927,0.2281152530227358,0.11871340861195084,0.1318679005854025,0.09362104375495568,0.09668308829214456,0.09737547179298132
0.5951321545465788,39.2864,1.0,39.2864,79.78,14.01374425,14.940898349999998,2025,1,1,True,0.23362383393982927,0.2281152530227358,0.11871340861195084,0.1318679005854025,0.09362104375495568,0.09668308829214456,0.09737547179298132
0.036997365031173436,2.47172,16.0,39.54752,76.26,21.1846,0.18710000000000093,2010,0,0,True,0.23362383393982927,0.2281152530227358,0.11871340861195084,0.1318679005854025,0.09362104375495568,0.09668308829214456,0.09737547179298132
-0.10689885767825474,-7.3963,16.0,-118.3408,75.85,20.2288,1.0442999999999998,2015,0,0,True,0.23362383393982927,0.2281152530227358,0.11871340861195084,0.1318679005854025,0.09362104375495568,0.09668308829214456,0.09737547179298132
0.3156686529546916,19.6511,6.0,117.9066,74.65,15.9751,-2.1589000000000027,2010,0,1,False,0.23362383393982927,0.2281152530227358,0.11871340861195084,0.1318679005854025,0.09362104375495568,0.09668308829214456,0.09737547179298132
0.2739505212464013,17.9671,11.0,197.63809999999998,77.34,18.8928,6.353099999999998,2010,0,1,False,0.23362383393982927,0.2281152530227358,0.11871340861195084,0.1318679005854025,0.09362104375495568,0.09668308829214456,0.09737547179298132
0.36277834320762536,21.6172,3.0,64.8516,78.48,14.7779,2.1422000000000025,2014,1,1,True,0.23362383393982927,0.2281152530227358,0.11871340861195084,0.1318679005854025,0.09362104375495568,0.09668308829214456,0.09737547179298132
0.28158128401321786,18.8983,4.0,75.5932,78.49,19.2952,9.050199999999997,2008,0,1,False,0.23362383393982927,0.2281152530227358,0.11871340861195084,0.1318679005854025,0.09362104375495568,0.09668308829214456,0.09737547179298132
0.0010568219133422966,0.071148,14.0,0.9960720000000001,76.55,16.09537316,3.2016786900000014,2025,0,0,True,0.23362383393982927,0.2281152530227358,0.11871340861195084,0.1318679005854025,0.09362104375495568,0.09668308829214456,0.09737547179298132
0.2861401835604319,19.0612,5.0,95.306,76.77,18.619,0.6738,2016,0,1,False,0.23362383393982927,0.2281152530227358,0.11871340861195084,0.1318679005854025,0.09362104375495568,0.09668308829214456,0.09737547179298132
0.10173152033462889,6.56561,14.0,91.91854000000001,76.3,16.9839,2.5825999999999993,2011,0,0,True,0.23362383393982927,0.2281152530227358,0.11871340861195084,0.1318679005854025,0.09362104375495568,0.09668308829214456,0.09737547179298132
0.02771573003248475,1.67334,15.0,25.1001,75.09,21.6601,1.2456000000000031,2008,0,0,True,0.23362383393982927,0.2281152530227358,0.11871340861195084,0.1318679005854025,0.09362104375495568,0.09668308829214456,0.09737547179298132
0.17286059228304132,11.2023,8.0,89.6184,77.98,19.6649,1.3519000000000005,2014,0,0,True,0.23362383393982927,0.2281152530227358,0.11871340861195084,0.1318679005854025,0.09362104375495568,0.09668308829214456,0.09737547179298132
0.13773604143604895,10.0329,13.0,130.4277,75.76,17.83280211,4.770451620000003,2024,0,0,True,0.23362383393982927,0.2281152530227358,0.11871340861195084,0.1318679005854025,0.09362104375495568,0.09668308829214456,0.09737547179298132
0.3932609125804381,24.8255,4.0,99.302,79.06,18.863,5.7867999999999995,2013,1,1,True,0.23362383393982927,0.2281152530227358,0.11871340861195084,0.1318679005854025,0.09362104375495568,0.09668308829214456,0.09737547179298132
0.3856593928823605,25.6364,3.0,76.9092,78.32,19.8244011,10.422114230000005,2022,1,1,True,0.23362383393982927,0.2281152530227358,0.11871340861195084,0.1318679005854025,0.09362104375495568,0.09668308829214456,0.09737547179298132
0.1792016999576198,11.8045,12.0,141.654,75.99,14.04828475,5.615664600000002,2024,0,0,True,0.23362383393982927,0.2281152530227358,0.11871340861195084,0.1318679005854025,0.09362104375495568,0.09668308829214456,0.09737547179298132
0.3609562457632939,23.4575,7.0,164.2025,78.13,15.9460765,2.087339279999995,2025,1,1,True,0.23362383393982927,0.2281152530227358,0.11871340861195084,0.1318679005854025,0.09362104375495568,0.09668308829214456,0.09737547179298132
0.0757166161226962,5.18677,14.0,72.61478,76.02,18.7357,-1.0422999999999973,2014,0,0,True,0.23362383393982927,0.2281152530227358,0.11871340861195084,0.1318679005854025,0.09362104375495568,0.09668308829214456,0.09737547179298132
0.42267503791472544,27.9239,3.0,83.7717,76.54,14.2178202,6.540190860000003,2025,1,1,True,0.23362383393982927,0.2281152530227358,0.11871340861195084,0.1318679005854025,0.09362104375495568,0.09668308829214456,0.09737547179298132
0.031854824247116616,2.11287,15.0,31.69305,76.87,22.9743,-1.4335000000000022,2010,0,0,True,0.23362383393982927,0.2281152530227358,0.11871340861195084,0.1318679005854025,0.09362104375495568,0.09668308829214456,0.09737547179298132
0.03728213524238398,2.63405,15.0,39.510749999999994,75.88,15.95862877,-0.3101527899999965,2018,0,0,True,0.23362383393982927,0.2281152530227358,0.11871340861195084,0.1318679005854025,0.09362104375495568,0.09668308829214456,0.09737547179298132
0.21974488208264742,15.5406,11.0,170.9466,76.82,16.9007,1.7591000000000037,2011,0,0,True,0.23362383393982927,0.2281152530227358,0.11871340861195084,0.1318679005854025,0.09362104375495568,0.09668308829214456,0.09737547179298132
0.25043223993494473,14.8755,10.0,148.755,77.07,17.8708,1.3168000000000006,2011,0,0,True,0.23362383393982927,0.2281152530227358,0.11871340861195084,0.1318679005854025,0.09362104375495568,0.09668308829214456,0.09737547179298132
0.4523677326807739,30.4054,4.0,121.6216,76.36,15.3169,8.308499999999995,2014,1,1,True,0.23362383393982927,0.2281152530227358,0.11871340861195084,0.1318679005854025,0.09362104375495568,0.09668308829214456,0.09737547179298132
0.3389747474570976,21.0484,3.0,63.1452,78.47,19.5531,7.459500000000006,2012,1,1,True,0.23362383393982927,0.2281152530227358,0.11871340861195084,0.1318679005854025,0.09362104375495568,0.09668308829214456,0.09737547179298132
0.27832649937543363,18.7729,7.0,131.4103,76.66,16.87963062,5.963780300000003,2024,1,1,True,0.23362383393982927,0.2281152530227358,0.11871340861195084,0.1318679005854025,0.09362104375495568,0.09668308829214456,0.09737547179298132
0.3355937842665202,19.9732,7.0,139.8124,75.81,16.6409,3.171199999999999,2008,1,1,True,0.23362383393982927,0.2281152530227358,0.11871340861195084,0.1318679005854025,0.09362104375495568,0.09668308829214456,0.09737547179298132
0.30024339884328516,19.65,7.0,137.54999999999998,76.11,18.4038,4.713900000000002,2009,1,1,True,0.23362383393982927,0.2281152530227358,0.11871340861195084,0.1318679005854025,0.09362104375495568,0.09668308829214456,0.09737547179298132
0.08142992672610365,5.40255,16.0,86.4408,75.33,21.4476,1.6122000000000014,2008,0,0,True,0.23362383393982927,0.2281152530227358,0.11871340861195084,0.1318679005854025,0.09362104375495568,0.09668308829214456,0.09737547179298132
0.2511270685614489,16.5272,9.0,148.7448,78.27,18.23598639,1.3034470999999996,2017,0,0,True,0.23362383393982927,0.2281152530227358,0.11871340861195084,0.1318679005854025,0.09362104375495568,0.09668308829214456,0.09737547179298132
0.2488024131782159,16.4541,11.0,180.9951,77.77,19.9431,9.187100000000001,2011,1,1,True,0.23362383393982927,0.2281152530227358,0.11871340861195084,0.1318679005854025,0.09362104375495568,0.09668308829214456,0.09737547179298132
-0.10748602234058167,-6.61986,,,76.9,20.08707782,2.493522750000004,2021,0,0,True,0.23362383393982927,0.2281152530227358,0.11871340861195084,0.1318679005854025,0.09362104375495568,0.09668308829214456,0.09737547179298132
0.24024433693730618,16.5223,5.0,82.6115,77.86,19.34922783,4.966668900000002,2019,0,0,True,0.23362383393982927,0.2281152530227358,0.11871340861195084,0.1318679005854025,0.09362104375495568,0.09668308829214456,0.09737547179298132
0.09593944950755509,5.67313,12.0,68.07755999999999,77.03,18.7944,10.421199999999999,2015,0,0,True,0.23362383393982927,0.2281152530227358,0.11871340861195084,0.1318679005854025,0.09362104375495568,0.09668308829214456,0.09737547179298132
0.26958563618060405,16.6894,9.0,150.2046,76.77,20.3023,7.358499999999999,2012,0,1,False,0.23362383393982927,0.2281152530227358,0.11871340861195084,0.1318679005854025,0.09362104375495568,0.09668308829214456,0.09737547179298132
0.49099997966570513,31.173,1.0,31.173,75.86,13.77877755,6.081949719999997,2024,1,1,True,0.23362383393982927,0.2281152530227358,0.11871340861195084,0.1318679005854025,0.09362104375495568,0.09668308829214456,0.09737547179298132
0.25925177951093215,18.8797,4.0,75.5188,78.25,20.9369,8.712899999999998,2009,0,1,False,0.23362383393982927,0.2281152530227358,0.11871340861195084,0.1318679005854025,0.09362104375495568,0.09668308829214456,0.09737547179298132
0.27915492290347627,18.7457,4.0,74.9828,77.3,18.06648733,6.262493750000004,2022,1,1,True,0.23362383393982927,0.2281152530227358,0.11871340861195084,0.1318679005854025,0.09362104375495568,0.09668308829214456,0.09737547179298132
0.35944281186431076,23.2213,5.0,116.1065,77.95,15.84097081,2.6586235500000015,2025,0,1,False,0.23362383393982927,0.2281152530227358,0.11871340861195084,0.1318679005854025,0.09362104375495568,0.09668308829214456,0.09737547179298132
0.24544084145372888,17.7843,10.0,177.84300000000002,78.48,15.66503405,2.49227853,2025,1,1,True,0.23362383393982927,0.2281152530227358,0.11871340861195084,0.1318679005854025,0.09362104375495568,0.09668308829214456,0.09737547179298132
0.3615131079288159,22.3696,2.0,44.7392,78.05,16.6632,6.585700000000003,2013,1,1,True,0.23362383393982927,0.2281152530227358,0.11871340861195084,0.1318679005854025,0.09362104375495568,0.09668308829214456,0.09737547179298132
0.005268606147859702,0.352298,16.0,5.636768,77.07,18.45496489,-2.9585858100000024,2024,0,0,True,0.23362383393982927,0.2281152530227358,0.11871340861195084,0.1318679005854025,0.09362104375495568,0.09668308829214456,0.09737547179298132
0.2828760299768394,18.6873,5.0,93.4365,77.03,18.1613,7.109800000000007,2013,0,1,False,0.23362383393982927,0.2281152530227358,0.11871340861195084,0.1318679005854025,0.09362104375495568,0.09668308829214456,0.09737547179298132
0.20189088240986636,13.6346,9.0,122.71140000000001,77.61,19.50160161,1.6778223999999966,2017,0,0,True,0.23362383393982927,0.2281152530227358,0.11871340861195084,0.1318679005854025,0.09362104375495568,0.09668308829214456,0.09737547179298132
0.379089982665386,25.4137,3.0,76.24109999999999,77.33,19.20331351,16.77106956,2018,1,1,True,0.23362383393982927,0.2281152530227358,0.11871340861195084,0.1318679005854025,0.09362104375495568,0.09668308829214456,0.09737547179298132
0.13517464760853684,8.86009,13.0,115.18117,76.48,16.83026246,5.347164899999996,2019,0,0,True,0.23362383393982927,0.2281152530227358,0.11871340861195084,0.1318679005854025,0.09362104375495568,0.09668308829214456,0.09737547179298132
0.2946130466617533,19.5304,11.0,214.83440000000002,78.1,16.78760368,9.870104139999995,2025,0,1,False,0.23362383393982927,0.2281152530227358,0.11871340861195084,0.1318679005854025,0.09362104375495568,0.09668308829214456,0.09737547179298132
0.2527002171719616,16.485,9.0,148.365,76.91,19.67108274,3.628323530000003,2019,1,1,True,0.23362383393982927,0.2281152530227358,0.11871340861195084,0.1318679005854025,0.09362104375495568,0.09668308829214456,0.09737547179298132
0.25943254673538624,17.9429,4.0,71.7716,78.85,16.51784749,8.955110990000001,2024,1,1,True,0.23362383393982927,0.2281152530227358,0.11871340861195084,0.1318679005854025,0.09362104375495568,0.09668308829214456,0.09737547179298132
0.21530118302786913,14.269,11.0,156.959,76.09,15.28546909,3.1801440500000027,2021,0,0,True,0.23362383393982927,0.2281152530227358,0.11871340861195084,0.1318679005854025,0.09362104375495568,0.09668308829214456,0.09737547179298132
0.23204243939326408,15.623,14.0,218.72199999999998,75.08,17.6667,4.8431,2016,1,0,False,0.23362383393982927,0.2281152530227358,0.11871340861195084,0.1318679005854025,0.09362104375495568,0.09668308829214456,0.09737547179298132
0.23381673848712564,15.9019,11.0,174.9209,77.19,13.79516641,1.2270912299999992,2024,1,0,False,0.23362383393982927,0.2281152530227358,0.11871340861195084,0.1318679005854025,0.09362104375495568,0.09668308829214456,0.09737547179298132
0.2955453839481561,20.0378,5.0,100.18900000000001,77.7,19.22103659,4.897914099999994,2019,0,1,False,0.23362383393982927,0.2281152530227358,0.11871340861195084,0.1318679005854025,0.09362104375495568,0.09668308829214456,0.09737547179298132
0.21159276434581206,13.8019,10.0,138.019,77.17,17.398,1.1041999999999987,2013,0,0,True,0.23362383393982927,0.2281152530227358,0.11871340861195084,0.1318679005854025,0.09362104375495568,0.09668308829214456,0.09737547179298132
0.1943855660327155,12.372,12.0,148.464,77.01,18.6888,6.854700000000001,2008,0,0,True,0.23362383393982927,0.2281152530227358,0.11871340861195084,0.1318679005854025,0.09362104375495568,0.09668308829214456,0.09737547179298132
0.03359029820496708,2.22179,14.0,31.105059999999998,75.56,18.73798643,-6.302650970000002,2022,0,0,True,0.23362383393982927,0.2281152530227358,0.11871340861195084,0.1318679005854025,0.09362104375495568,0.09668308829214456,0.09737547179298132
0.33435913486654106,23.4465,5.0,117.2325,79.12,19.62207578,10.628918659999997,2025,1,1,True,0.23362383393982927,0.2281152530227358,0.11871340861195084,0.1318679005854025,0.09362104375495568,0.09668308829214456,0.09737547179298132
0.2781956015135962,17.8586,12.0,214.3032,78.54,17.7263815,2.7306168200000016,2019,1,1,True,0.23362383393982927,0.2281152530227358,0.11871340861195084,0.1318679005854025,0.09362104375495568,0.09668308829214456,0.09737547179298132
0.386661771715119,24.992,2.0,49.984,77.8,17.6342,9.697499999999998,2010,1,1,True,0.23362383393982927,0.2281152530227358,0.11871340861195084,0.1318679005854025,0.09362104375495568,0.09668308829214456,0.09737547179298132
0.3331754629441115,20.1202,5.0,100.601,77.59,17.0217,5.311399999999999,2010,0,1,False,0.23362383393982927,0.2281152530227358,0.11871340861195084,0.1318679005854025,0.09362104375495568,0.09668308829214456,0.09737547179298132
0.334312435332086,21.1469,5.0,105.7345,76.77,20.6221,6.046199999999999,2008,1,1,True,0.23362383393982927,0.2281152530227358,0.11871340861195084,0.1318679005854025,0.09362104375495568,0.09668308829214456,0.09737547179298132
0.25258613731013124,16.2497,10.0,162.497,76.2,13.5953,-1.3260000000000005,2012,1,0,False,0.23362383393982927,0.2281152530227358,0.11871340861195084,0.1318679005854025,0.09362104375495568,0.09668308829214456,0.09737547179298132
0.40803959883382757,25.5423,2.0,51.0846,78.33,18.4379,1.866500000000002,2010,1,1,True,0.23362383393982927,0.2281152530227358,0.11871340861195084,0.1318679005854025,0.09362104375495568,0.09668308829214456,0.09737547179298132
0.13040409781035314,8.07886,14.0,113.10404000000001,77.21,19.0956,7.127600000000001,2010,0,0,True,0.23362383393982927,0.2281152530227358,0.11871340861195084,0.1318679005854025,0.09362104375495568,0.09668308829214456,0.09737547179298132
0.21556574122564523,13.2909,,,75.58,18.153,4.171100000000003,2011,0,0,True,0.23362383393982927,0.2281152530227358,0.11871340861195084,0.1318679005854025,0.09362104375495568,0.09668308829214456,0.09737547179298132
0.3846686777728021,26.8703,2.0,53.7406,77.91,13.33416483,6.0500694400000015,2021,1,1,True,0.23362383393982927,0.2281152530227358,0.11871340861195084,0.1318679005854025,0.09362104375495568,0.09668308829214456,0.09737547179298132
0.20535999080492873,13.6986,9.0,123.2874,76.98,15.6618,3.2804,2015,0,0,True,0.23362383393982927,0.2281152530227358,0.11871340861195084,0.1318679005854025,0.09362104375495568,0.09668308829214456,0.09737547179298132
0.5746859723104224,33.7197,1.0,33.7197,79.17,12.3664,10.133599999999994,2015,1,1,True,0.23362383393982927,0.2281152530227358,0.11871340861195084,0.1318679005854025,0.09362104375495568,0.09668308829214456,0.09737547179298132
-0.02004877471981194,-1.32439,16.0,-21.19024,75.63,20.832,1.157899999999998,2008,0,0,True,0.23362383393982927,0.2281152530227358,0.11871340861195084,0.1318679005854025,0.09362104375495568,0.09668308829214456,0.09737547179298132
0.33280266713120543,22.1592,6.0,132.9552,75.85,18.357,2.2857999999999947,2008,1,1,True,0.23362383393982927,0.2281152530227358,0.11871340861195084,0.1318679005854025,0.09362104375495568,0.09668308829214456,0.09737547179298132
0.38921833113678783,25.4072,3.0,76.2216,76.74,20.2043,10.386199999999995,2008,1,1,True,0.23362383393982927,0.2281152530227358,0.11871340861195084,0.1318679005854025,0.09362104375495568,0.09668308829214456,0.09737547179298132
0.32162923978117414,20.1145,5.0,100.57249999999999,77.38,18.8756,0.5260999999999996,2011,1,1,True,0.23362383393982927,0.2281152530227358,0.11871340861195084,0.1318679005854025,0.09362104375495568,0.09668308829214456,0.09737547179298132
0.2089230028648978,14.0437,12.0,168.52439999999999,78.02,17.24829314,6.9497113799999966,2022,0,0,True,0.23362383393982927,0.2281152530227358,0.11871340861195084,0.1318679005854025,0.09362104375495568,0.09668308829214456,0.09737547179298132
0.11174328238517968,7.0881,13.0,92.14529999999999,77.47,18.1677,5.373399999999997,2015,0,0,True,0.23362383393982927,0.2281152530227358,0.11871340861195084,0.1318679005854025,0.09362104375495568,0.09668308829214456,0.09737547179298132
0.2442998275099003,16.7469,11.0,184.2159,78.12,16.30983542,2.1118556999999996,2021,1,1,True,0.23362383393982927,0.2281152530227358,0.11871340861195084,0.1318679005854025,0.09362104375495568,0.09668308829214456,0.09737547179298132
0.19943678987096713,13.8315,12.0,165.978,77.22,17.22252752,7.916218809999997,2019,1,0,False,0.23362383393982927,0.2281152530227358,0.11871340861195084,0.1318679005854025,0.09362104375495568,0.09668308829214456,0.09737547179298132
0.3512390607726681,24.5259,3.0,73.5777,78.79,14.99440507,7.580355830000002,2024,1,1,True,0.23362383393982927,0.2281152530227358,0.11871340861195084,0.1318679005854025,0.09362104375495568,0.09668308829214456,0.09737547179298132
0.1581483927088506,10.6515,13.0,138.4695,77.84,17.1385,5.257000000000005,2012,0,0,True,0.23362383393982927,0.2281152530227358,0.11871340861195084,0.1318679005854025,0.09362104375495568,0.09668308829214456,0.09737547179298132
0.23315579411533774,16.0265,8.0,128.212,76.79,16.98277064,8.167376920000002,2018,0,0,True,0.23362383393982927,0.2281152530227358,0.11871340861195084,0.1318679005854025,0.09362104375495568,0.09668308829214456,0.09737547179298132
0.001174668882735303,0.0773328,15.0,1.159992,76.75,19.8789,-1.3134000000000015,2014,0,0,True,0.23362383393982927,0.2281152530227358,0.11871340861195084,0.1318679005854025,0.09362104375495568,0.09668308829214456,0.09737547179298132
0.2887694078930505,20.2218,3.0,60.665400000000005,76.18,18.6312,5.536700000000003,2012,1,1,True,0.23362383393982927,0.2281152530227358,0.11871340861195084,0.1318679005854025,0.09362104375495568,0.09668308829214456,0.09737547179298132
0.28059752893918194,18.5865,10.0,185.865,77.93,17.4455,5.807200000000002,2010,1,1,True,0.23362383393982927,0.2281152530227358,0.11871340861195084,0.1318679005854025,0.09362104375495568,0.09668308829214456,0.09737547179298132
0.37333372560427697,25.024,3.0,75.072,77.43,17.07002721,8.343103020000001,2017,1,1,True,0.23362383393982927,0.2281152530227358,0.11871340861195084,0.1318679005854025,0.09362104375495568,0.09668308829214456,0.09737547179298132
0.15109049676786443,9.22962,13.0,119.98506,76.97,18.4212,1.0497000000000014,2015,0,0,True,0.23362383393982927,0.2281152530227358,0.11871340861195084,0.1318679005854025,0.09362104375495568,0.09668308829214456,0.09737547179298132
0.33263196041426973,19.9032,12.0,238.83839999999998,76.3,16.2877,7.272800000000004,2010,0,1,False,0.23362383393982927,0.2281152530227358,0.11871340861195084,0.1318679005854025,0.09362104375495568,0.09668308829214456,0.09737547179298132
0.2401167292250841,16.1843,3.0,48.5529,76.92,16.2311,-1.2732000000000028,2010,1,1,True,0.23362383393982927,0.2281152530227358,0.11871340861195084,0.1318679005854025,0.09362104375495568,0.09668308829214456,0.09737547179298132
0.3402667824146198,22.3607,5.0,111.80350000000001,77.21,17.9936,9.221599999999995,2012,0,1,False,0.23362383393982927,0.2281152530227358,0.11871340861195084,0.1318679005854025,0.09362104375495568,0.09668308829214456,0.09737547179298132
0.009954434092325926,0.633106,15.0,9.49659,76.71,20.73704659,5.718127499999994,2017,0,0,True,0.23362383393982927,0.2281152530227358,0.11871340861195084,0.1318679005854025,0.09362104375495568,0.09668308829214456,0.09737547179298132
0.2997851775807891,19.1188,8.0,152.9504,77.0,17.2276,1.3131000000000057,2013,1,1,True,0.23362383393982927,0.2281152530227358,0.11871340861195084,0.1318679005854025,0.09362104375495568,0.09668308829214456,0.09737547179298132
0.2884712335382392,19.9612,6.0,119.7672,78.49,15.30601518,9.230424900000003,2024,0,1,False,0.23362383393982927,0.2281152530227358,0.11871340861195084,0.1318679005854025,0.09362104375495568,0.09668308829214456,0.09737547179298132
0.24339898914635402,16.485,9.0,148.365,78.57,18.3115,2.2139000000000024,2009,0,1,False,0.23362383393982927,0.2281152530227358,0.11871340861195084,0.1318679005854025,0.09362104375495568,0.09668308829214456,0.09737547179298132
0.14138147094726936,9.2195,13.0,119.8535,77.16,19.78291821,3.7950366799999955,2018,0,0,True,0.23362383393982927,0.2281152530227358,0.11871340861195084,0.1318679005854025,0.09362104375495568,0.09668308829214456,0.09737547179298132
-0.1487057493287449,-10.6349,,,75.7,17.6587,-2.589199999999998,2016,0,0,True,0.23362383393982927,0.2281152530227358,0.11871340861195084,0.1318679005854025,0.09362104375495568,0.09668308829214456,0.09737547179298132
0.38428644730891853,23.6893,11.0,260.5823,78.13,16.7931,6.108599999999996,2014,1,1,True,0.23362383393982927,0.2281152530227358,0.11871340861195084,0.1318679005854025,0.09362104375495568,0.09668308829214456,0.09737547179298132
0.23010972619252829,15.9964,5.0,79.982,78.27,16.08282861,2.96680894,2017,0,0,True,0.23362383393982927,0.2281152530227358,0.11871340861195084,0.1318679005854025,0.09362104375495568,0.09668308829214456,0.09737547179298132
0.23141219562486345,14.9502,12.0,179.4024,76.84,15.58463923,6.493585469999999,2017,1,0,False,0.23362383393982927,0.2281152530227358,0.11871340861195084,0.1318679005854025,0.09362104375495568,0.09668308829214456,0.09737547179298132
0.38765341041908036,26.6547,3.0,79.9641,78.02,17.04458986,7.676532099999996,2025,1,1,True,0.23362383393982927,0.2281152530227358,0.11871340861195084,0.1318679005854025,0.09362104375495568,0.09668308829214456,0.09737547179298132
-0.1767666147121799,-11.5456,,,76.44,22.69360633,0.46875024999999937,2019,0,0,True,0.23362383393982927,0.2281152530227358,0.11871340861195084,0.1318679005854025,0.09362104375495568,0.09668308829214456,0.09737547179298132
0.42473709101437956,30.619,1.0,30.619,78.66,17.51473768,13.016619289999994,2019,1,1,True,0.23362383393982927,0.2281152530227358,0.11871340861195084,0.1318679005854025,0.09362104375495568,0.09668308829214456,0.09737547179298132
0.3093682065480862,20.8198,11.0,229.01780000000002,78.63,17.0744,9.944200000000002,2016,1,1,True,0.23362383393982927,0.2281152530227358,0.11871340861195084,0.1318679005854025,0.09362104375495568,0.09668308829214456,0.09737547179298132
0.3497373261565219,22.4687,7.0,157.28089999999997,75.72,16.8515,6.9609999999999985,2012,1,1,True,0.23362383393982927,0.2281152530227358,0.11871340861195084,0.1318679005854025,0.09362104375495568,0.09668308829214456,0.09737547179298132
0.29367383004236225,19.0377,9.0,171.3393,77.32,16.41392265,3.740140420000003,2021,0,1,False,0.23362383393982927,0.2281152530227358,0.11871340861195084,0.1318679005854025,0.09362104375495568,0.09668308829214456,0.09737547179298132
-0.03209932010370997,-1.94146,15.0,-29.1219,75.69,16.3848,-2.2176000000000045,2014,0,0,True,0.23362383393982927,0.2281152530227358,0.11871340861195084,0.1318679005854025,0.09362104375495568,0.09668308829214456,0.09737547179298132
0.060781399327202536,4.04561,15.0,60.68415,76.56,21.6789,-1.0907999999999944,2011,0,0,True,0.23362383393982927,0.2281152530227358,0.11871340861195084,0.1318679005854025,0.09362104375495568,0.09668308829214456,0.09737547179298132
0.20894914218099483,13.2372,12.0,158.8464,76.15,15.6085,3.202600000000004,2016,1,0,False,0.23362383393982927,0.2281152530227358,0.11871340861195084,0.1318679005854025,0.09362104375495568,0.09668308829214456,0.09737547179298132
0.0784106265774847,5.57774,14.0,78.08836000000001,76.34,20.70409472,4.321774809999994,2018,0,0,True,0.23362383393982927,0.2281152530227358,0.11871340861195084,0.1318679005854025,0.09362104375495568,0.09668308829214456,0.09737547179298132
-0.09441319061042004,-6.54882,,,75.78,19.65009434,-3.3426737699999975,2022,0,0,True,0.23362383393982927,0.2281152530227358,0.11871340861195084,0.1318679005854025,0.09362104375495568,0.09668308829214456,0.09737547179298132
0.24270679127618186,14.6625,9.0,131.9625,77.27,20.724,5.394500000000001,2011,0,0,True,0.23362383393982927,0.2281152530227358,0.11871340861195084,0.1318679005854025,0.09362104375495568,0.09668308829214456,0.09737547179298132
0.03389156107853402,2.26843,15.0,34.02645,76.48,20.2854,5.122900000000001,2015,0,0,True,0.23362383393982927,0.2281152530227358,0.11871340861195084,0.1318679005854025,0.09362104375495568,0.09668308829214456,0.09737547179298132
0.010276309307043503,0.754686,16.0,12.074976,74.45,21.4706,2.5762999999999963,2012,0,0,True,0.23362383393982927,0.2281152530227358,0.11871340861195084,0.1318679005854025,0.09362104375495568,0.09668308829214456,0.09737547179298132
0.11175384895788576,7.07327,14.0,99.02578,76.62,20.8058,2.677899999999994,2013,1,0,False,0.23362383393982927,0.2281152530227358,0.11871340861195084,0.1318679005854025,0.09362104375495568,0.09668308829214456,0.09737547179298132
0.21393561728218,14.5961,12.0,175.1532,76.4,20.1005,4.933299999999996,2008,1,0,False,0.23362383393982927,0.2281152530227358,0.11871340861195084,0.1318679005854025,0.09362104375495568,0.09668308829214456,0.09737547179298132
0.25564819523017807,16.4097,9.0,147.6873,77.59,13.3730811,-2.1445224100000004,2024,1,1,True,0.23362383393982927,0.2281152530227358,0.11871340861195084,0.1318679005854025,0.09362104375495568,0.09668308829214456,0.09737547179298132
0.28041503738594403,17.9907,8.0,143.9256,77.89,16.4664463,4.38091446,2023,1,1,True,0.23362383393982927,0.2281152530227358,0.11871340861195084,0.1318679005854025,0.09362104375495568,0.09668308829214456,0.09737547179298132
0.252733510320277,18.1933,7.0,127.35310000000001,78.66,15.69418755,2.3307005699999976,2024,0,1,False,0.23362383393982927,0.2281152530227358,0.11871340861195084,0.1318679005854025,0.09362104375495568,0.09668308829214456,0.09737547179298132
0.08385467695724227,5.44668,14.0,76.25352,76.97,21.4047,1.8646999999999991,2011,0,0,True,0.23362383393982927,0.2281152530227358,0.11871340861195084,0.1318679005854025,0.09362104375495568,0.09668308829214456,0.09737547179298132
0.3381005680756624,22.3616,3.0,67.0848,78.45,17.45936183,7.170050610000004,2022,1,1,True,0.23362383393982927,0.2281152530227358,0.11871340861195084,0.1318679005854025,0.09362104375495568,0.09668308829214456,0.09737547179298132
